{"cameraMode":{"drawMode":0,"name":"Shaded","section":"Shading Mode"},"sceneLighting":true,"audioPlay":false,"sceneViewState":{"showFog":true,"showMaterialUpdate":false,"showSkybox":true,"showFlares":true,"showImageEffects":true,"showParticleSystems":true},"in2DMode":false,"pivot":{"x":-0.6108559370040894,"y":1.5169916152954102,"z":8.138154983520508},"rotation":{"x":0.2303101271390915,"y":-0.05747402086853981,"z":0.013638550415635109,"w":0.9713656306266785},"size":7.914776802062988,"orthographic":false}