{"cameraMode":{"drawMode":0,"name":"Shaded","section":"Shading Mode"},"sceneLighting":false,"audioPlay":false,"sceneViewState":{"showFog":true,"showMaterialUpdate":false,"showSkybox":false,"showFlares":true,"showImageEffects":true,"showParticleSystems":true},"in2DMode":false,"pivot":{"x":-1.5720000267028809,"y":4.050000190734863,"z":6.609000205993652},"rotation":{"x":0.2797073721885681,"y":-0.04519980773329735,"z":0.013195410370826722,"w":0.9589734673500061},"size":0.43433380126953127,"orthographic":false}